ID,InputType,Data
1,DiskRequest,"108,181,58,176,71,85,43,48,171,60"
2,DiskRequest,"120,50,128,23,74,38,179,187,22,8"
3,DiskRequest,"162,109,72,78,158,153,122,101,25,70"
4,DiskRequest,"27,168,119,194,139,95,65,82,180,61"
5,DiskRequest,"129,151,102,94,89,38,138,105,129,102"
6,DiskRequest,"103,28,108,68,46,81,135,150,76,54"
7,DiskRequest,"106,54,16,66,19,24,99,196,188,27"
8,DiskRequest,"134,110,34,23,3,133,98,114,2,63"
9,DiskRequest,"51,148,18,153,18,10,122,125,30,17"
10,DiskRequest,"169,196,63,188,138,2,63,99,92,95"
11,DiskRequest,"79,200,95,14,7,28,175,76,145,192"
12,DiskRequest,"115,19,72,89,18,165,189,1,69,72"
13,DiskRequest,"89,126,83,172,41,107,130,156,57,182"
14,DiskRequest,"116,18,68,33,24,132,53,169,56,86"
15,DiskRequest,"177,8,61,189,131,18,164,71,31,58"
16,DiskRequest,"49,54,4,87,186,145,122,6,40,172"
17,DiskRequest,"135,82,16,3,167,1,60,110,2,94"
18,DiskRequest,"163,161,140,193,35,15,40,147,139,112"
19,DiskRequest,"86,156,89,148,34,92,104,34,83,151"
20,DiskRequest,"99,147,156,49,161,141,71,173,36,82"
21,DiskRequest,"177,40,88,54,51,197,61,185,109,32"
22,DiskRequest,"23,197,187,97,141,38,88,53,49,25"
23,DiskRequest,"179,39,102,152,154,122,47,137,150,81"
24,DiskRequest,"186,78,30,170,123,25,129,8,184,18"
25,DiskRequest,"129,38,70,193,123,183,128,38,37,197"
26,DiskRequest,"13,33,167,101,190,191,199,6,159,7"
27,DiskRequest,"160,1,153,73,160,198,39,51,97,128"
28,DiskRequest,"74,72,9,152,11,113,130,160,70,90"
29,DiskRequest,"101,160,159,84,171,72,67,153,154,57"
30,DiskRequest,"144,196,51,128,199,145,195,76,50,191"
31,DiskRequest,"55,83,142,149,30,86,137,108,93,149"
32,DiskRequest,"55,132,36,7,40,98,7,61,44,70"
33,DiskRequest,"73,27,156,62,181,105,196,166,21,99"
34,DiskRequest,"159,160,118,26,178,189,6,32,129,162"
35,DiskRequest,"3,194,60,47,175,187,66,167,25,46"
36,DiskRequest,"150,60,134,55,41,178,73,58,41,51"
37,DiskRequest,"163,184,133,132,11,5,84,144,188,124"
38,DiskRequest,"91,131,48,186,157,106,27,56,133,196"
39,DiskRequest,"86,148,176,19,7,127,44,100,98,101"
40,DiskRequest,"169,64,132,5,52,122,30,99,88,87"
41,DiskRequest,"125,124,109,82,52,120,52,161,35,44"
42,DiskRequest,"87,3,34,188,103,57,67,65,133,168"
43,DiskRequest,"115,157,150,115,114,80,20,151,166,139"
44,DiskRequest,"127,31,25,11,25,3,66,119,182,194"
45,DiskRequest,"90,60,4,150,152,34,76,114,9,116"
46,DiskRequest,"29,92,133,54,34,84,10,22,23,105"
47,DiskRequest,"124,173,175,163,174,118,177,61,199,19"
48,DiskRequest,"98,49,28,67,84,32,193,44,66,65"
49,DiskRequest,"48,70,117,117,54,178,195,45,16,184"
50,DiskRequest,"134,134,198,49,149,53,56,47,87,140"
51,DiskRequest,"74,124,100,55,151,39,78,133,171,154"
52,DiskRequest,"191,144,117,93,154,187,5,157,67,173"
53,DiskRequest,"43,66,114,36,64,108,150,174,93,61"
54,DiskRequest,"81,150,198,137,21,84,161,88,170,1"
55,DiskRequest,"71,136,82,40,115,163,60,20,58,147"
56,DiskRequest,"43,25,58,37,1,155,178,57,142,159"
57,DiskRequest,"186,118,101,192,64,96,191,158,118,188"
58,DiskRequest,"141,188,119,16,24,22,169,43,3,72"
59,DiskRequest,"43,152,6,83,102,157,61,159,181,25"
60,DiskRequest,"98,15,73,99,185,76,39,62,141,62"
61,DiskRequest,"152,23,171,46,87,64,137,8,42,131"
62,DiskRequest,"109,33,131,95,105,114,9,90,1,68"
63,DiskRequest,"127,144,6,26,112,142,119,9,197,159"
64,DiskRequest,"163,126,112,168,48,54,58,33,172,198"
65,DiskRequest,"3,193,153,73,198,195,179,167,56,16"
66,DiskRequest,"89,179,33,185,54,183,25,34,47,40"
67,DiskRequest,"163,165,137,57,154,28,98,39,32,167"
68,DiskRequest,"136,170,139,193,190,88,55,117,18,25"
69,DiskRequest,"62,173,109,6,44,1,119,94,1,31"
70,DiskRequest,"184,166,178,148,128,76,49,182,188,98"
71,DiskRequest,"183,33,181,173,20,81,44,39,42,12"
72,DiskRequest,"196,146,187,43,34,172,8,33,146,170"
73,DiskRequest,"173,51,137,162,150,88,153,31,138,137"
74,DiskRequest,"26,95,172,147,63,182,30,191,29,199"
75,DiskRequest,"189,174,155,32,136,81,117,175,63,113"
76,DiskRequest,"189,64,183,108,90,23,69,193,115,108"
77,DiskRequest,"157,54,2,126,191,9,185,40,147,45"
78,DiskRequest,"167,25,99,120,147,24,93,169,75,83"
79,DiskRequest,"31,113,55,46,58,30,13,5,126,182"
80,DiskRequest,"148,143,118,98,113,70,190,173,20,83"
81,DiskRequest,"44,27,134,23,134,32,64,131,165,165"
82,DiskRequest,"148,161,82,9,86,26,84,196,109,26"
83,DiskRequest,"92,149,93,153,70,184,90,38,79,1"
84,DiskRequest,"96,91,192,162,81,190,140,48,74,35"
85,DiskRequest,"122,35,176,74,3,192,4,52,26,180"
86,DiskRequest,"116,99,150,91,102,174,128,161,153,143"
87,DiskRequest,"38,82,145,190,28,63,185,173,64,6"
88,DiskRequest,"169,164,62,23,32,13,131,160,27,167"
89,DiskRequest,"23,132,14,188,161,185,154,24,189,80"
90,DiskRequest,"88,75,42,56,43,86,88,112,2,77"
91,DiskRequest,"146,13,116,171,83,118,174,50,197,31"
92,DiskRequest,"35,136,129,145,67,20,8,194,178,181"
93,DiskRequest,"42,110,98,10,174,148,28,43,126,85"
94,DiskRequest,"24,145,161,42,160,50,176,177,150,136"
95,DiskRequest,"167,56,157,93,189,74,127,106,29,42"
96,DiskRequest,"194,115,14,8,67,30,150,158,146,69"
97,DiskRequest,"25,117,127,110,124,198,47,77,92,122"
98,DiskRequest,"171,167,160,56,174,120,2,193,122,20"
99,DiskRequest,"8,158,190,176,127,193,115,76,12,75"
100,DiskRequest,"48,40,130,54,32,117,123,190,69,180"
101,DiskRequest,"112,197,119,31,35,141,124,183,175,88"
102,DiskRequest,"165,51,115,46,44,19,81,161,47,146"
103,DiskRequest,"137,160,66,183,96,29,9,124,39,177"
104,DiskRequest,"120,118,191,4,68,126,80,2,29,88"
105,DiskRequest,"118,191,99,32,20,13,51,45,11,95"
106,DiskRequest,"146,167,72,23,166,142,57,122,190,122"
107,DiskRequest,"38,123,171,122,109,151,54,18,33,158"
108,DiskRequest,"133,89,18,157,59,41,194,131,19,172"
109,DiskRequest,"106,127,177,94,82,85,195,84,195,53"
110,DiskRequest,"75,22,15,45,189,183,32,174,181,145"
111,DiskRequest,"159,195,60,72,194,153,160,53,93,180"
112,DiskRequest,"83,57,72,1,116,48,154,83,59,68"
113,DiskRequest,"189,44,80,57,127,10,50,36,108,187"
114,DiskRequest,"23,115,13,33,11,92,122,115,189,139"
115,DiskRequest,"104,54,35,200,13,44,53,197,171,180"
116,DiskRequest,"18,44,200,136,145,131,160,49,161,16"
117,DiskRequest,"123,21,120,85,181,193,115,74,103,53"
118,DiskRequest,"190,19,140,109,105,76,146,50,44,37"
119,DiskRequest,"41,113,104,141,124,68,190,188,58,125"
120,DiskRequest,"128,112,129,178,21,20,159,12,115,110"
121,DiskRequest,"81,101,31,97,136,119,109,155,78,67"
122,DiskRequest,"179,82,72,20,126,16,4,160,158,132"
123,DiskRequest,"126,32,174,109,36,109,198,108,4,153"
124,DiskRequest,"153,64,26,128,100,130,51,188,183,77"
125,DiskRequest,"88,74,131,102,142,129,134,141,9,187"
126,DiskRequest,"29,193,174,191,24,78,25,145,37,140"
127,DiskRequest,"181,14,17,74,108,13,22,146,153,167"
128,DiskRequest,"28,60,52,190,43,142,166,126,80,36"
129,DiskRequest,"100,158,127,133,105,188,178,139,165,158"
130,DiskRequest,"163,30,52,163,156,72,188,12,199,83"
131,DiskRequest,"161,43,105,40,151,112,199,159,91,18"
132,DiskRequest,"181,179,178,141,188,134,23,126,118,155"
133,DiskRequest,"31,39,122,174,53,34,15,192,41,191"
134,DiskRequest,"102,154,25,144,190,94,23,130,112,61"
135,DiskRequest,"147,86,61,172,136,178,99,122,128,26"
136,DiskRequest,"174,187,94,42,149,101,186,125,179,159"
137,DiskRequest,"178,174,24,60,67,143,164,130,40,37"
138,DiskRequest,"80,176,86,7,192,121,128,150,66,70"
139,DiskRequest,"167,85,46,66,127,33,59,170,161,9"
140,DiskRequest,"116,128,200,147,136,7,117,97,79,47"
141,DiskRequest,"101,182,76,1,111,140,113,23,6,68"
142,DiskRequest,"145,49,160,6,159,161,165,2,92,200"
143,DiskRequest,"127,16,84,162,97,1,48,9,180,190"
144,DiskRequest,"76,194,175,137,158,148,141,81,164,151"
145,DiskRequest,"135,66,103,36,197,163,73,122,54,134"
146,DiskRequest,"146,25,29,142,184,66,48,116,53,61"
147,DiskRequest,"74,166,99,59,45,122,119,168,160,79"
148,DiskRequest,"19,12,102,52,68,73,158,132,131,33"
149,DiskRequest,"7,131,188,168,82,22,79,22,143,98"
150,DiskRequest,"63,141,120,123,102,14,91,154,186,100"
151,DiskRequest,"115,158,16,98,90,25,163,49,35,157"
152,DiskRequest,"158,30,178,196,140,39,171,193,97,134"
153,DiskRequest,"84,13,70,32,81,147,40,98,59,200"
154,DiskRequest,"136,126,30,19,139,47,40,67,46,27"
155,DiskRequest,"198,198,107,116,66,185,10,64,94,43"
156,DiskRequest,"69,81,191,106,176,143,168,109,125,13"
157,DiskRequest,"76,7,173,174,54,44,167,38,88,110"
158,DiskRequest,"72,21,22,112,103,119,167,89,14,56"
159,DiskRequest,"21,34,14,197,195,177,45,24,68,48"
160,DiskRequest,"87,148,189,84,185,126,153,41,32,89"
161,DiskRequest,"102,194,73,155,82,45,69,66,147,176"
162,DiskRequest,"133,103,119,56,71,29,95,65,125,125"
163,DiskRequest,"43,121,91,115,52,161,188,5,74,120"
164,DiskRequest,"123,140,54,126,27,130,5,83,97,138"
165,DiskRequest,"39,12,22,3,166,87,193,121,17,185"
166,DiskRequest,"148,70,21,195,117,18,179,1,130,62"
167,DiskRequest,"197,125,51,166,93,150,6,183,168,105"
168,DiskRequest,"196,164,39,119,40,191,9,134,160,129"
169,DiskRequest,"22,87,158,81,68,7,72,188,90,30"
170,DiskRequest,"79,6,17,185,55,90,103,190,20,122"
171,DiskRequest,"159,30,81,101,152,50,54,159,179,133"
172,DiskRequest,"41,118,154,151,196,8,83,82,130,92"
173,DiskRequest,"132,143,37,10,16,179,187,34,188,82"
174,DiskRequest,"166,152,59,122,179,120,11,74,89,193"
175,DiskRequest,"153,121,131,55,42,146,3,149,41,73"
176,DiskRequest,"147,105,54,97,163,81,95,153,132,19"
177,DiskRequest,"134,71,183,177,117,152,90,52,28,110"
178,DiskRequest,"77,130,67,133,131,57,28,44,167,20"
179,DiskRequest,"32,178,129,197,154,34,138,43,6,100"
180,DiskRequest,"77,182,155,110,103,5,160,92,182,199"
181,DiskRequest,"29,98,8,18,113,129,165,58,164,165"
182,DiskRequest,"44,24,173,6,135,191,105,157,172,22"
183,DiskRequest,"147,200,179,4,31,183,61,102,188,31"
184,DiskRequest,"156,55,38,91,137,70,148,58,164,81"
185,DiskRequest,"97,53,134,41,190,122,52,162,118,182"
186,DiskRequest,"93,104,43,54,189,125,86,129,198,128"
187,DiskRequest,"99,128,158,67,59,165,59,31,80,153"
188,DiskRequest,"11,127,141,52,173,79,186,72,44,102"
189,DiskRequest,"46,101,110,180,35,113,196,41,53,135"
190,DiskRequest,"27,151,28,161,2,151,181,72,137,191"
191,DiskRequest,"183,193,46,128,9,172,130,137,113,184"
192,DiskRequest,"172,93,96,91,19,140,134,20,191,91"
193,DiskRequest,"56,36,44,137,190,131,13,56,150,192"
194,DiskRequest,"63,1,154,19,114,101,142,15,96,23"
195,DiskRequest,"13,193,126,80,104,70,71,67,6,136"
196,DiskRequest,"173,109,46,158,82,112,130,168,110,183"
197,DiskRequest,"69,107,2,68,175,165,98,146,146,179"
198,DiskRequest,"2,104,34,127,72,171,26,100,125,154"
199,DiskRequest,"108,31,158,149,106,194,86,125,101,185"
200,DiskRequest,"91,199,166,103,41,138,83,174,80,197"
